{
  "malha_total": {
    "extensao_total_km": 47665.99935433216,
    "num_segmentos_total": 12199,
    "num_municipios": 645
  },
  "segmentos": {
    "comprimento_medio_km": 3.907369403584897,
    "comprimento_mediano_km": 2.371168889769761,
    "desvio_padrao_km": 4.584964189193444,
    "minimo_km": 2.320997175961248e-06,
    "maximo_km": 54.0666824797212
  },
  "municipal": {
    "extensao_total": {
      "media": 92.58998449612402,
      "mediana": 77.33,
      "desvio_padrao": 62.160503181241225,
      "minimo": 0.0,
      "maximo": 426.48
    },
    "densidade_total_area_10k": {
      "media": 3105.2593517829455,
      "mediana": 2536.303,
      "minimo": 0.0,
      "maximo": 39640.884
    },
    "densidade_total_pop_10k": {
      "media": 73.82972217054262,
      "mediana": 59.8399,
      "minimo": 0.0,
      "maximo": 397.5753
    }
  }
}